"DESCRIPTION","DURATION IN MS","NAME","PARENT SUITE","START TIME","STATUS","STOP TIME","SUB SUITE","SUITE","TEST CLASS","TEST METHOD"
"","2422","The authentication token has a invalid id","","Mon Feb 09 04:58:47 UTC 2026","passed","Mon Feb 09 04:58:49 UTC 2026","","org.eclipse.tractusx.edc.dataplane.tokenrefresh.e2e.DataPlaneTokenRefreshEndToEndTest","org.eclipse.tractusx.edc.dataplane.tokenrefresh.e2e.DataPlaneTokenRefreshEndToEndTest","refresh_invalidTokenId"
"","32","Policy is not accepted due to missing context ""Liability""","","Mon Feb 09 04:58:55 UTC 2026","passed","Mon Feb 09 04:58:55 UTC 2026","","org.eclipse.tractusx.edc.tests.policy.PolicyDefinitionEndToEndTest","org.eclipse.tractusx.edc.tests.policy.PolicyDefinitionEndToEndTest","shouldNotAcceptInvalidNamespacePolicyDefinitions"
"","8091","Contract policy is fulfilled ""MembershipCredential""","","Mon Feb 09 05:00:31 UTC 2026","passed","Mon Feb 09 05:00:39 UTC 2026","","org.eclipse.tractusx.edc.tests.transfer.DimConsumerPullTest","org.eclipse.tractusx.edc.tests.transfer.DimConsumerPullTest","transferData_whenContractPolicyFulfilled"
"","445","Expect the Catalog request to fail if a credential is expired","","Mon Feb 09 05:01:33 UTC 2026","passed","Mon Feb 09 05:01:34 UTC 2026","","org.eclipse.tractusx.edc.tests.transfer.StsConsumerPullTest","org.eclipse.tractusx.edc.tests.transfer.StsConsumerPullTest","catalogRequest_whenCredentialExpired"
"","212","Verify that the consumer receives only the offers he is permitted to (using BPN group validation)","","Mon Feb 09 05:00:35 UTC 2026","passed","Mon Feb 09 05:00:35 UTC 2026","","org.eclipse.tractusx.edc.tests.catalog.CatalogTest","org.eclipse.tractusx.edc.tests.catalog.CatalogTest","requestCatalog_filteredByBpnGroup_shouldReturnOffer"
"","66","Expect the Catalog request to fail if a credential has an invalid credential subject id","","Mon Feb 09 05:01:34 UTC 2026","passed","Mon Feb 09 05:01:34 UTC 2026","","org.eclipse.tractusx.edc.tests.transfer.StsConsumerPullTest","org.eclipse.tractusx.edc.tests.transfer.StsConsumerPullTest","catalogRequest_whenCredentialSubjectIdIsInvalid"
"","51","Policy is accepted ""Data Usage End Date Definition""","","Mon Feb 09 04:58:52 UTC 2026","passed","Mon Feb 09 04:58:52 UTC 2026","","org.eclipse.tractusx.edc.tests.policy.PolicyDefinitionEndToEndTest","org.eclipse.tractusx.edc.tests.policy.PolicyDefinitionEndToEndTest","shouldAcceptValidPolicyDefinitions"
"","2082","transferFolder_targetFolderNotExists_shouldCreate(Vault)","","Mon Feb 09 05:00:18 UTC 2026","passed","Mon Feb 09 05:00:20 UTC 2026","","org.eclipse.tractusx.edc.dataplane.transfer.test.AzureToAzureTest","org.eclipse.tractusx.edc.dataplane.transfer.test.AzureToAzureTest","transferFolder_targetFolderNotExists_shouldCreate"
"","2999","transferData_privateBackend()","","Mon Feb 09 05:01:43 UTC 2026","passed","Mon Feb 09 05:01:46 UTC 2026","","org.eclipse.tractusx.edc.tests.transfer.StsConsumerPullTest","org.eclipse.tractusx.edc.tests.transfer.StsConsumerPullTest","transferData_privateBackend"
"","3040","transferData_privateBackend_withConsumerDataPlane()","","Mon Feb 09 05:01:46 UTC 2026","passed","Mon Feb 09 05:01:49 UTC 2026","","org.eclipse.tractusx.edc.tests.transfer.StsConsumerPullTest","org.eclipse.tractusx.edc.tests.transfer.StsConsumerPullTest","transferData_privateBackend_withConsumerDataPlane"
"","40","Policy is not accepted due to missing context ""DataExchangeGovernance use case""","","Mon Feb 09 04:58:54 UTC 2026","passed","Mon Feb 09 04:58:54 UTC 2026","","org.eclipse.tractusx.edc.tests.policy.PolicyDefinitionEndToEndTest","org.eclipse.tractusx.edc.tests.policy.PolicyDefinitionEndToEndTest","shouldNotAcceptInvalidNamespacePolicyDefinitions"
"","4237","transferData_successful_notReturnOriginalSourceResponseCode_withTerminate()","","Mon Feb 09 05:02:39 UTC 2026","passed","Mon Feb 09 05:02:43 UTC 2026","","org.eclipse.tractusx.edc.tests.transfer.TransferPullEndToEndTest.Dsp2025to2025","org.eclipse.tractusx.edc.tests.transfer.TransferPullEndToEndTest$Dsp2025to2025","transferData_successful_notReturnOriginalSourceResponseCode_withTerminate"
"","3104","transferData_success_withProxyOriginalResponse_withoutSourceResponseBody()","","Mon Feb 09 05:02:02 UTC 2026","passed","Mon Feb 09 05:02:05 UTC 2026","","org.eclipse.tractusx.edc.tests.transfer.TransferPullEndToEndTest.Dsp2025to2025","org.eclipse.tractusx.edc.tests.transfer.TransferPullEndToEndTest$Dsp2025to2025","transferData_success_withProxyOriginalResponse_withoutSourceResponseBody"
"","39","Policy is not accepted due to missing context ""Business Partner Number""","","Mon Feb 09 04:58:55 UTC 2026","passed","Mon Feb 09 04:58:55 UTC 2026","","org.eclipse.tractusx.edc.tests.policy.PolicyDefinitionEndToEndTest","org.eclipse.tractusx.edc.tests.policy.PolicyDefinitionEndToEndTest","shouldNotAcceptInvalidNamespacePolicyDefinitions"
"","4065","transferData_unsuccessful_notReturnOriginalSourceResponseCode_withTerminate()","","Mon Feb 09 05:00:52 UTC 2026","passed","Mon Feb 09 05:00:56 UTC 2026","","org.eclipse.tractusx.edc.tests.transfer.TransferPullEndToEndTest.Dsp08to08","org.eclipse.tractusx.edc.tests.transfer.TransferPullEndToEndTest$Dsp08to08","transferData_unsuccessful_notReturnOriginalSourceResponseCode_withTerminate"
"","2055","transferMultipleFiles()","","Mon Feb 09 05:01:07 UTC 2026","passed","Mon Feb 09 05:01:09 UTC 2026","","org.eclipse.tractusx.edc.dataplane.transfer.test.S3ToS3Test","org.eclipse.tractusx.edc.dataplane.transfer.test.S3ToS3Test","transferMultipleFiles"
"","2135","transferFile_success()","","Mon Feb 09 05:00:52 UTC 2026","passed","Mon Feb 09 05:00:54 UTC 2026","","org.eclipse.tractusx.edc.dataplane.transfer.test.S3ToS3Test","org.eclipse.tractusx.edc.dataplane.transfer.test.S3ToS3Test","transferFile_success"
"","25","discoveryShouldReturn08DspParams_whenDsp2025NotAvailable_DidAsIdentifier()","","Mon Feb 09 05:00:33 UTC 2026","passed","Mon Feb 09 05:00:33 UTC 2026","","org.eclipse.tractusx.edc.discovery.e2e.ConnectorParameterDiscoveryTest","org.eclipse.tractusx.edc.discovery.e2e.ConnectorParameterDiscoveryTest","discoveryShouldReturn08DspParams_whenDsp2025NotAvailable_DidAsIdentifier"
"","615","Verify that the consumer receives only the offers he is permitted to (using the legacy BPN validation)","","Mon Feb 09 04:59:47 UTC 2026","passed","Mon Feb 09 04:59:47 UTC 2026","","org.eclipse.tractusx.edc.tests.catalog.CatalogTest","org.eclipse.tractusx.edc.tests.catalog.CatalogTest","requestCatalog_filteredByBpnLegacy_WithNamespace_shouldReject"
"","2062","transferFile_s3ToAzureMultipleFiles(Vault)","","Mon Feb 09 05:00:42 UTC 2026","passed","Mon Feb 09 05:00:44 UTC 2026","","org.eclipse.tractusx.edc.dataplane.transfer.test.MultiCloudTest","org.eclipse.tractusx.edc.dataplane.transfer.test.MultiCloudTest","transferFile_s3ToAzureMultipleFiles"
"","3355","transferData_privateBackend_withConsumerDataPlane()","","Mon Feb 09 05:00:44 UTC 2026","passed","Mon Feb 09 05:00:48 UTC 2026","","org.eclipse.tractusx.edc.tests.transfer.TransferPullEndToEndTest.Dsp08to08","org.eclipse.tractusx.edc.tests.transfer.TransferPullEndToEndTest$Dsp08to08","transferData_privateBackend_withConsumerDataPlane"
"","65","Policy is accepted ""Jurisdiction Location""","","Mon Feb 09 04:58:53 UTC 2026","passed","Mon Feb 09 04:58:53 UTC 2026","","org.eclipse.tractusx.edc.tests.policy.PolicyDefinitionEndToEndTest","org.eclipse.tractusx.edc.tests.policy.PolicyDefinitionEndToEndTest","shouldAcceptValidPolicyDefinitions"
"","3015","transferData_privateBackend_withConsumerDataPlane()","","Mon Feb 09 05:01:59 UTC 2026","passed","Mon Feb 09 05:02:02 UTC 2026","","org.eclipse.tractusx.edc.tests.transfer.TransferPullEndToEndTest.Dsp2025to2025","org.eclipse.tractusx.edc.tests.transfer.TransferPullEndToEndTest$Dsp2025to2025","transferData_privateBackend_withConsumerDataPlane"
"","114","BusinessPartnerUpdated event is published","","Mon Feb 09 04:58:45 UTC 2026","passed","Mon Feb 09 04:58:45 UTC 2026","","org.eclipse.tractusx.edc.tests.bpn.events.BusinessPartnerEventTest","org.eclipse.tractusx.edc.tests.bpn.events.BusinessPartnerEventTest","shouldPublishBusinessPartnerUpdatedEvent"
"","43","Policy is not accepted due to missing context ""Data Usage End Duration Days""","","Mon Feb 09 04:58:55 UTC 2026","passed","Mon Feb 09 04:58:55 UTC 2026","","org.eclipse.tractusx.edc.tests.policy.PolicyDefinitionEndToEndTest","org.eclipse.tractusx.edc.tests.policy.PolicyDefinitionEndToEndTest","shouldNotAcceptInvalidNamespacePolicyDefinitions"
"","54","Policy is accepted ""Precedence""","","Mon Feb 09 04:58:53 UTC 2026","passed","Mon Feb 09 04:58:53 UTC 2026","","org.eclipse.tractusx.edc.tests.policy.PolicyDefinitionEndToEndTest","org.eclipse.tractusx.edc.tests.policy.PolicyDefinitionEndToEndTest","shouldAcceptValidPolicyDefinitions"
"","2263","discoveryShouldReturn400_ifRequestHasMissingProps()","","Mon Feb 09 04:59:42 UTC 2026","passed","Mon Feb 09 04:59:44 UTC 2026","","org.eclipse.tractusx.edc.discovery.e2e.ConnectorDiscoveryTest","org.eclipse.tractusx.edc.discovery.e2e.ConnectorDiscoveryTest","discoveryShouldReturn400_ifRequestHasMissingProps"
"","57","Policy is accepted ""Data Usage End Date""","","Mon Feb 09 04:58:52 UTC 2026","passed","Mon Feb 09 04:58:52 UTC 2026","","org.eclipse.tractusx.edc.tests.policy.PolicyDefinitionEndToEndTest","org.eclipse.tractusx.edc.tests.policy.PolicyDefinitionEndToEndTest","shouldAcceptValidPolicyDefinitions"
"","48","Policy is accepted ""Confidential Information Sharing""","","Mon Feb 09 04:58:53 UTC 2026","passed","Mon Feb 09 04:58:53 UTC 2026","","org.eclipse.tractusx.edc.tests.policy.PolicyDefinitionEndToEndTest","org.eclipse.tractusx.edc.tests.policy.PolicyDefinitionEndToEndTest","shouldAcceptValidPolicyDefinitions"
"","3631","Verify that the consumer receives only the offers he is permitted to (using the legacy CX policy)","","Mon Feb 09 04:59:43 UTC 2026","passed","Mon Feb 09 04:59:47 UTC 2026","","org.eclipse.tractusx.edc.tests.catalog.CatalogTest","org.eclipse.tractusx.edc.tests.catalog.CatalogTest","requestCatalog_filteredByBpn_UsingLegacyCxPolicy_shouldReject"
"","2058","transferFile_s3ToAzure(Vault)","","Mon Feb 09 05:00:38 UTC 2026","passed","Mon Feb 09 05:00:40 UTC 2026","","org.eclipse.tractusx.edc.dataplane.transfer.test.MultiCloudTest","org.eclipse.tractusx.edc.dataplane.transfer.test.MultiCloudTest","transferFile_s3ToAzure"
"","63","4.3.3 Verify invalid access token - auth token bound to a different iss/sub","","Mon Feb 09 04:58:34 UTC 2026","passed","Mon Feb 09 04:58:34 UTC 2026","","org.eclipse.dataspacetck.dcp.verification.presentation.verifier.PresentationFlowSection4Test","org.eclipse.dataspacetck.dcp.verification.presentation.verifier.PresentationFlowSection4Test","verifier_04_03_03_idTokenInvalidIssuerSub"
"","280","retireAgreement_shouldFail_whenAgreementDoesNotExist()","","Mon Feb 09 05:00:14 UTC 2026","passed","Mon Feb 09 05:00:14 UTC 2026","","org.eclipse.tractusx.edc.tests.transfer.RetireAgreementTest","org.eclipse.tractusx.edc.tests.transfer.RetireAgreementTest","retireAgreement_shouldFail_whenAgreementDoesNotExist"
"","4045","transferData_failing_withProxyOriginalResponse()","","Mon Feb 09 05:00:56 UTC 2026","passed","Mon Feb 09 05:01:00 UTC 2026","","org.eclipse.tractusx.edc.tests.transfer.TransferPullEndToEndTest.Dsp08to08","org.eclipse.tractusx.edc.tests.transfer.TransferPullEndToEndTest$Dsp08to08","transferData_failing_withProxyOriginalResponse"
"","2481","The Authorization header is empty","","Mon Feb 09 04:58:39 UTC 2026","passed","Mon Feb 09 04:58:42 UTC 2026","","org.eclipse.tractusx.edc.dataplane.tokenrefresh.e2e.DataPlaneTokenRefreshEndToEndTest","org.eclipse.tractusx.edc.dataplane.tokenrefresh.e2e.DataPlaneTokenRefreshEndToEndTest","refresh_emptyAuthHeader"
"","116","discoveryShouldReturn08DspParams_whenDsp2025NotAvailable_BpnAsIdentifier()","","Mon Feb 09 05:00:33 UTC 2026","passed","Mon Feb 09 05:00:33 UTC 2026","","org.eclipse.tractusx.edc.discovery.e2e.ConnectorParameterDiscoveryTest","org.eclipse.tractusx.edc.discovery.e2e.ConnectorParameterDiscoveryTest","discoveryShouldReturn08DspParams_whenDsp2025NotAvailable_BpnAsIdentifier"
"","37","Policy is not accepted due to missing context ""Affiliates Region""","","Mon Feb 09 04:58:54 UTC 2026","passed","Mon Feb 09 04:58:54 UTC 2026","","org.eclipse.tractusx.edc.tests.policy.PolicyDefinitionEndToEndTest","org.eclipse.tractusx.edc.tests.policy.PolicyDefinitionEndToEndTest","shouldNotAcceptInvalidNamespacePolicyDefinitions"
"","64","Policy is not accepted because definition is not correct ""Policy with unknown actions types""","","Mon Feb 09 04:58:54 UTC 2026","passed","Mon Feb 09 04:58:54 UTC 2026","","org.eclipse.tractusx.edc.tests.policy.PolicyDefinitionEndToEndTest","org.eclipse.tractusx.edc.tests.policy.PolicyDefinitionEndToEndTest","shouldNotAcceptInvalidPolicyDefinitions"
"","40","Policy is not accepted due to missing context ""Liability""","","Mon Feb 09 04:58:55 UTC 2026","passed","Mon Feb 09 04:58:55 UTC 2026","","org.eclipse.tractusx.edc.tests.policy.PolicyDefinitionEndToEndTest","org.eclipse.tractusx.edc.tests.policy.PolicyDefinitionEndToEndTest","shouldNotAcceptInvalidNamespacePolicyDefinitions"
"","39","Policy is not accepted because definition is not correct ""Access Policy with prohibition rule""","","Mon Feb 09 04:58:54 UTC 2026","passed","Mon Feb 09 04:58:54 UTC 2026","","org.eclipse.tractusx.edc.tests.policy.PolicyDefinitionEndToEndTest","org.eclipse.tractusx.edc.tests.policy.PolicyDefinitionEndToEndTest","shouldNotAcceptInvalidPolicyDefinitions"
"","2100","transferMultipleFile_success(Vault)","","Mon Feb 09 05:00:14 UTC 2026","passed","Mon Feb 09 05:00:16 UTC 2026","","org.eclipse.tractusx.edc.dataplane.transfer.test.AzureToAzureTest","org.eclipse.tractusx.edc.dataplane.transfer.test.AzureToAzureTest","transferMultipleFile_success"
"","33","Policy is not accepted due to missing context ""Contract reference""","","Mon Feb 09 04:58:55 UTC 2026","passed","Mon Feb 09 04:58:55 UTC 2026","","org.eclipse.tractusx.edc.tests.policy.PolicyDefinitionEndToEndTest","org.eclipse.tractusx.edc.tests.policy.PolicyDefinitionEndToEndTest","shouldNotAcceptInvalidNamespacePolicyDefinitions"
"","16449","transferFile_largeFile(long, Vault) File size bytes: 536870912","","Mon Feb 09 04:59:32 UTC 2026","passed","Mon Feb 09 04:59:49 UTC 2026","","org.eclipse.tractusx.edc.dataplane.transfer.test.AzureToAzureTest","org.eclipse.tractusx.edc.dataplane.transfer.test.AzureToAzureTest","transferFile_largeFile"
"","73","Policy is accepted ""DataExchangeGovernance use case""","","Mon Feb 09 04:58:52 UTC 2026","passed","Mon Feb 09 04:58:52 UTC 2026","","org.eclipse.tractusx.edc.tests.policy.PolicyDefinitionEndToEndTest","org.eclipse.tractusx.edc.tests.policy.PolicyDefinitionEndToEndTest","shouldAcceptValidPolicyDefinitions"
"","2378","Verify the refresh endpoint is not called when auto_refresh=false","","Mon Feb 09 04:58:43 UTC 2026","passed","Mon Feb 09 04:58:45 UTC 2026","","org.eclipse.tractusx.edc.tests.edrv2.EdrCacheApiEndToEndTest","org.eclipse.tractusx.edc.tests.edrv2.EdrCacheApiEndToEndTest","getEdrWithRefresh_whenNotAutorefresh_shouldNotCallEndpoint"
"","4957","transferData_privateBackend()","","Mon Feb 09 05:00:44 UTC 2026","passed","Mon Feb 09 05:00:49 UTC 2026","","org.eclipse.tractusx.edc.tests.transfer.DimConsumerPullTest","org.eclipse.tractusx.edc.tests.transfer.DimConsumerPullTest","transferData_privateBackend"
"","65","5.1 Verifier should accept a valid PresentationResponseMessage","","Mon Feb 09 04:58:35 UTC 2026","passed","Mon Feb 09 04:58:35 UTC 2026","","org.eclipse.dataspacetck.dcp.verification.presentation.verifier.PresentationFlowSection5Test","org.eclipse.dataspacetck.dcp.verification.presentation.verifier.PresentationFlowSection5Test","verifier_05_01_presentationResponse_success"
"","45","Policy is not accepted due to missing context ""Affiliates Region (IS_ANY_OF, one element)""","","Mon Feb 09 04:58:54 UTC 2026","passed","Mon Feb 09 04:58:54 UTC 2026","","org.eclipse.tractusx.edc.tests.policy.PolicyDefinitionEndToEndTest","org.eclipse.tractusx.edc.tests.policy.PolicyDefinitionEndToEndTest","shouldNotAcceptInvalidNamespacePolicyDefinitions"
"","820","triggerDataTransfer_shouldFail_whenDataFlowIsNotPushFlowType()","","Mon Feb 09 04:59:53 UTC 2026","passed","Mon Feb 09 04:59:53 UTC 2026","","org.eclipse.tractusx.edc.tests.transfer.DataFlowApiEndToEndTest","org.eclipse.tractusx.edc.tests.transfer.DataFlowApiEndToEndTest","triggerDataTransfer_shouldFail_whenDataFlowIsNotPushFlowType"
"","2053","transferFile_targetContainerNotExist_shouldFail(Vault)","","Mon Feb 09 05:00:20 UTC 2026","passed","Mon Feb 09 05:00:22 UTC 2026","","org.eclipse.tractusx.edc.dataplane.transfer.test.AzureToAzureTest","org.eclipse.tractusx.edc.dataplane.transfer.test.AzureToAzureTest","transferFile_targetContainerNotExist_shouldFail"
"","48","5.4.2.3 Verifier should reject an empty 'presentation' array","","Mon Feb 09 04:58:35 UTC 2026","passed","Mon Feb 09 04:58:35 UTC 2026","","org.eclipse.dataspacetck.dcp.verification.presentation.verifier.PresentationFlowSection5Test","org.eclipse.dataspacetck.dcp.verification.presentation.verifier.PresentationFlowSection5Test","verifier_05_04_02_03_presentationResponse_emptyPresentations"
"","38","Policy is not accepted due to missing context ""Precedence""","","Mon Feb 09 04:58:55 UTC 2026","passed","Mon Feb 09 04:58:55 UTC 2026","","org.eclipse.tractusx.edc.tests.policy.PolicyDefinitionEndToEndTest","org.eclipse.tractusx.edc.tests.policy.PolicyDefinitionEndToEndTest","shouldNotAcceptInvalidNamespacePolicyDefinitions"
"","7","verifyAgentId_whenNoMembershipCredential_forDsp08(DataspaceProfileContextRegistry)","","Mon Feb 09 05:01:09 UTC 2026","passed","Mon Feb 09 05:01:09 UTC 2026","","org.eclipse.tractusx.edc.tests.transfer.IdentityExtractionTest","org.eclipse.tractusx.edc.tests.transfer.IdentityExtractionTest","verifyAgentId_whenNoMembershipCredential_forDsp08"
"","1","verifyAgentId_whenNoMembershipCredential_forDsp2025(DataspaceProfileContextRegistry)","","Mon Feb 09 05:01:09 UTC 2026","passed","Mon Feb 09 05:01:09 UTC 2026","","org.eclipse.tractusx.edc.tests.transfer.IdentityExtractionTest","org.eclipse.tractusx.edc.tests.transfer.IdentityExtractionTest","verifyAgentId_whenNoMembershipCredential_forDsp2025"
"","24518","transferFile_largeFile(long, Vault) File size bytes: 1073741824","","Mon Feb 09 04:59:49 UTC 2026","passed","Mon Feb 09 05:00:14 UTC 2026","","org.eclipse.tractusx.edc.dataplane.transfer.test.AzureToAzureTest","org.eclipse.tractusx.edc.dataplane.transfer.test.AzureToAzureTest","transferFile_largeFile"
"","17481","Malicious actor should not impersonate a consumer sending a valid consumer VP","","Mon Feb 09 04:59:20 UTC 2026","passed","Mon Feb 09 04:59:38 UTC 2026","","org.eclipse.tractusx.edc.tests.transfer.CredentialSpoofTest","org.eclipse.tractusx.edc.tests.transfer.CredentialSpoofTest","shouldNotImpersonateConsumer_withConsumerPresentation"
"","34","Verifier should reject an auth token without the Bearer prefix","","Mon Feb 09 04:58:34 UTC 2026","passed","Mon Feb 09 04:58:34 UTC 2026","","org.eclipse.dataspacetck.dcp.verification.presentation.verifier.PresentationFlowSection4Test","org.eclipse.dataspacetck.dcp.verification.presentation.verifier.PresentationFlowSection4Test","presentationResponse_rejectMissingBearerPrefix"
"","3990","transferData_success_withProxyOriginalResponse()","","Mon Feb 09 05:01:20 UTC 2026","passed","Mon Feb 09 05:01:24 UTC 2026","","org.eclipse.tractusx.edc.tests.transfer.TransferPullEndToEndTest.Dsp08to08","org.eclipse.tractusx.edc.tests.transfer.TransferPullEndToEndTest$Dsp08to08","transferData_success_withProxyOriginalResponse"
"","3000","transferData_unsuccessful_notReturnOriginalSourceResponseCode_withTerminate()","","Mon Feb 09 05:02:05 UTC 2026","passed","Mon Feb 09 05:02:08 UTC 2026","","org.eclipse.tractusx.edc.tests.transfer.TransferPullEndToEndTest.Dsp2025to2025","org.eclipse.tractusx.edc.tests.transfer.TransferPullEndToEndTest$Dsp2025to2025","transferData_unsuccessful_notReturnOriginalSourceResponseCode_withTerminate"
"","54","triggerDataTransfer_shouldFail_whenDataFlowDoesNotExist()","","Mon Feb 09 04:59:54 UTC 2026","passed","Mon Feb 09 04:59:54 UTC 2026","","org.eclipse.tractusx.edc.tests.transfer.DataFlowApiEndToEndTest","org.eclipse.tractusx.edc.tests.transfer.DataFlowApiEndToEndTest","triggerDataTransfer_shouldFail_whenDataFlowDoesNotExist"
"","15243","transferData_withTerminate()","","Mon Feb 09 05:01:00 UTC 2026","passed","Mon Feb 09 05:01:15 UTC 2026","","org.eclipse.tractusx.edc.tests.transfer.TransferPullEndToEndTest.Dsp08to08","org.eclipse.tractusx.edc.tests.transfer.TransferPullEndToEndTest$Dsp08to08","transferData_withTerminate"
"","86","Policy is accepted ""Affiliates Region (IS_ANY_OF, one element)""","","Mon Feb 09 04:58:52 UTC 2026","passed","Mon Feb 09 04:58:52 UTC 2026","","org.eclipse.tractusx.edc.tests.policy.PolicyDefinitionEndToEndTest","org.eclipse.tractusx.edc.tests.policy.PolicyDefinitionEndToEndTest","shouldAcceptValidPolicyDefinitions"
"","138","discoveryShouldReturn400_whenNoProtocolsAvailable()","","Mon Feb 09 05:00:17 UTC 2026","passed","Mon Feb 09 05:00:17 UTC 2026","","org.eclipse.tractusx.edc.discovery.e2e.ConnectorParameterDiscoveryTest","org.eclipse.tractusx.edc.discovery.e2e.ConnectorParameterDiscoveryTest","discoveryShouldReturn400_whenNoProtocolsAvailable"
"","52","Policy is accepted ""Warranty Definition""","","Mon Feb 09 04:58:53 UTC 2026","passed","Mon Feb 09 04:58:53 UTC 2026","","org.eclipse.tractusx.edc.tests.policy.PolicyDefinitionEndToEndTest","org.eclipse.tractusx.edc.tests.policy.PolicyDefinitionEndToEndTest","shouldAcceptValidPolicyDefinitions"
"","34","Policy is not accepted due to missing context ""ContractTermination""","","Mon Feb 09 04:58:55 UTC 2026","passed","Mon Feb 09 04:58:55 UTC 2026","","org.eclipse.tractusx.edc.tests.policy.PolicyDefinitionEndToEndTest","org.eclipse.tractusx.edc.tests.policy.PolicyDefinitionEndToEndTest","shouldNotAcceptInvalidNamespacePolicyDefinitions"
"","2065","trigger_shouldReturnSuccess_whenAllValidationsSucceed()","","Mon Feb 09 04:59:50 UTC 2026","passed","Mon Feb 09 04:59:53 UTC 2026","","org.eclipse.tractusx.edc.tests.transfer.DataFlowApiEndToEndTest","org.eclipse.tractusx.edc.tests.transfer.DataFlowApiEndToEndTest","trigger_shouldReturnSuccess_whenAllValidationsSucceed"
"","61","Policy is accepted ""Business Partner Number""","","Mon Feb 09 04:58:53 UTC 2026","passed","Mon Feb 09 04:58:54 UTC 2026","","org.eclipse.tractusx.edc.tests.policy.PolicyDefinitionEndToEndTest","org.eclipse.tractusx.edc.tests.policy.PolicyDefinitionEndToEndTest","shouldAcceptValidPolicyDefinitions"
"","137","5.4.3.6 Verifier should reject Presentations where at least 1 credential is revoked/suspended","","Mon Feb 09 04:58:35 UTC 2026","passed","Mon Feb 09 04:58:35 UTC 2026","","org.eclipse.dataspacetck.dcp.verification.presentation.verifier.PresentationFlowSection5Test","org.eclipse.dataspacetck.dcp.verification.presentation.verifier.PresentationFlowSection5Test","verifier_05_04_03_06_presentationResponse_credentialRevoked"
"","3050","transferData_failing_withProxyOriginalResponse()","","Mon Feb 09 05:02:08 UTC 2026","passed","Mon Feb 09 05:02:11 UTC 2026","","org.eclipse.tractusx.edc.tests.transfer.TransferPullEndToEndTest.Dsp2025to2025","org.eclipse.tractusx.edc.tests.transfer.TransferPullEndToEndTest$Dsp2025to2025","transferData_failing_withProxyOriginalResponse"
"","66","4.3.3 Verify invalid access token - expired","","Mon Feb 09 04:58:34 UTC 2026","passed","Mon Feb 09 04:58:34 UTC 2026","","org.eclipse.dataspacetck.dcp.verification.presentation.verifier.PresentationFlowSection4Test","org.eclipse.dataspacetck.dcp.verification.presentation.verifier.PresentationFlowSection4Test","verifier_04_03_03_idTokenExpired"
"","35","Policy is not accepted due to missing context ""Warranty""","","Mon Feb 09 04:58:55 UTC 2026","passed","Mon Feb 09 04:58:55 UTC 2026","","org.eclipse.tractusx.edc.tests.policy.PolicyDefinitionEndToEndTest","org.eclipse.tractusx.edc.tests.policy.PolicyDefinitionEndToEndTest","shouldNotAcceptInvalidNamespacePolicyDefinitions"
"","61","Policy is accepted ""ContractTermination""","","Mon Feb 09 04:58:53 UTC 2026","passed","Mon Feb 09 04:58:53 UTC 2026","","org.eclipse.tractusx.edc.tests.policy.PolicyDefinitionEndToEndTest","org.eclipse.tractusx.edc.tests.policy.PolicyDefinitionEndToEndTest","shouldAcceptValidPolicyDefinitions"
"","40","Policy is not accepted because definition is not correct ""Usage policy obligation with not allowed constraints""","","Mon Feb 09 04:58:54 UTC 2026","passed","Mon Feb 09 04:58:54 UTC 2026","","org.eclipse.tractusx.edc.tests.policy.PolicyDefinitionEndToEndTest","org.eclipse.tractusx.edc.tests.policy.PolicyDefinitionEndToEndTest","shouldNotAcceptInvalidPolicyDefinitions"
"","5012","transferData_privateBackend_withConsumerDataPlane()","","Mon Feb 09 05:00:49 UTC 2026","passed","Mon Feb 09 05:00:54 UTC 2026","","org.eclipse.tractusx.edc.tests.transfer.DimConsumerPullTest","org.eclipse.tractusx.edc.tests.transfer.DimConsumerPullTest","transferData_privateBackend_withConsumerDataPlane"
"","46847","Catalog with 1000 offers","","Mon Feb 09 04:59:48 UTC 2026","passed","Mon Feb 09 05:00:35 UTC 2026","","org.eclipse.tractusx.edc.tests.catalog.CatalogTest","org.eclipse.tractusx.edc.tests.catalog.CatalogTest","requestCatalog_of1000Assets_shouldContainAll"
"","60","5.4.3.7 Verifier should reject an expired credential","","Mon Feb 09 04:58:35 UTC 2026","passed","Mon Feb 09 04:58:35 UTC 2026","","org.eclipse.dataspacetck.dcp.verification.presentation.verifier.PresentationFlowSection5Test","org.eclipse.dataspacetck.dcp.verification.presentation.verifier.PresentationFlowSection5Test","verifier_05_04_03_07_presentationResponse_expiredCredential"
"","585","refreshEdr()","","Mon Feb 09 04:58:45 UTC 2026","passed","Mon Feb 09 04:58:46 UTC 2026","","org.eclipse.tractusx.edc.tests.edrv2.EdrCacheApiEndToEndTest","org.eclipse.tractusx.edc.tests.edrv2.EdrCacheApiEndToEndTest","refreshEdr"
"","214","Multiple ContractDefinitions exist for one Asset","","Mon Feb 09 05:00:35 UTC 2026","passed","Mon Feb 09 05:00:35 UTC 2026","","org.eclipse.tractusx.edc.tests.catalog.CatalogTest","org.eclipse.tractusx.edc.tests.catalog.CatalogTest","requestCatalog_multipleOffersForAsset"
"","72","Policy is accepted ""Jurisdiction Location Reference""","","Mon Feb 09 04:58:53 UTC 2026","passed","Mon Feb 09 04:58:53 UTC 2026","","org.eclipse.tractusx.edc.tests.policy.PolicyDefinitionEndToEndTest","org.eclipse.tractusx.edc.tests.policy.PolicyDefinitionEndToEndTest","shouldAcceptValidPolicyDefinitions"
"","14307","transferData_withTerminate()","","Mon Feb 09 05:02:11 UTC 2026","passed","Mon Feb 09 05:02:25 UTC 2026","","org.eclipse.tractusx.edc.tests.transfer.TransferPullEndToEndTest.Dsp2025to2025","org.eclipse.tractusx.edc.tests.transfer.TransferPullEndToEndTest$Dsp2025to2025","transferData_withTerminate"
"","310","Expect the Catalog request to fail if a requested credential is missing","","Mon Feb 09 05:00:31 UTC 2026","passed","Mon Feb 09 05:00:31 UTC 2026","","org.eclipse.tractusx.edc.tests.transfer.DimConsumerPullTest","org.eclipse.tractusx.edc.tests.transfer.DimConsumerPullTest","catalogRequest_whenRequestedCredentialMissing"
"","2458","BusinessPartnerCreated event is published","","Mon Feb 09 04:58:42 UTC 2026","passed","Mon Feb 09 04:58:44 UTC 2026","","org.eclipse.tractusx.edc.tests.bpn.events.BusinessPartnerEventTest","org.eclipse.tractusx.edc.tests.bpn.events.BusinessPartnerEventTest","shouldPublishBusinessPartnerCreatedEvent"
"","55","Policy is accepted ""Version Changes""","","Mon Feb 09 04:58:53 UTC 2026","passed","Mon Feb 09 04:58:53 UTC 2026","","org.eclipse.tractusx.edc.tests.policy.PolicyDefinitionEndToEndTest","org.eclipse.tractusx.edc.tests.policy.PolicyDefinitionEndToEndTest","shouldAcceptValidPolicyDefinitions"
"","31","discoveryShouldReturn2025DspParams_DidAsIdentifier()","","Mon Feb 09 05:00:17 UTC 2026","passed","Mon Feb 09 05:00:17 UTC 2026","","org.eclipse.tractusx.edc.discovery.e2e.ConnectorParameterDiscoveryTest","org.eclipse.tractusx.edc.discovery.e2e.ConnectorParameterDiscoveryTest","discoveryShouldReturn2025DspParams_DidAsIdentifier"
"","57","4.3.3 Verify invalid access token - incorrect aud","","Mon Feb 09 04:58:34 UTC 2026","passed","Mon Feb 09 04:58:35 UTC 2026","","org.eclipse.dataspacetck.dcp.verification.presentation.verifier.PresentationFlowSection4Test","org.eclipse.dataspacetck.dcp.verification.presentation.verifier.PresentationFlowSection4Test","verifier_04_03_03_idTokenIncorrectAud"
"","62","Policy is accepted ""Exclusive Usage""","","Mon Feb 09 04:58:53 UTC 2026","passed","Mon Feb 09 04:58:53 UTC 2026","","org.eclipse.tractusx.edc.tests.policy.PolicyDefinitionEndToEndTest","org.eclipse.tractusx.edc.tests.policy.PolicyDefinitionEndToEndTest","shouldAcceptValidPolicyDefinitions"
"","4432","transferData_privateBackend()","","Mon Feb 09 05:00:40 UTC 2026","passed","Mon Feb 09 05:00:44 UTC 2026","","org.eclipse.tractusx.edc.tests.transfer.TransferPullEndToEndTest.Dsp08to08","org.eclipse.tractusx.edc.tests.transfer.TransferPullEndToEndTest$Dsp08to08","transferData_privateBackend"
"","3512","transferData_privateBackend()","","Mon Feb 09 05:01:55 UTC 2026","passed","Mon Feb 09 05:01:59 UTC 2026","","org.eclipse.tractusx.edc.tests.transfer.TransferPullEndToEndTest.Dsp2025to2025","org.eclipse.tractusx.edc.tests.transfer.TransferPullEndToEndTest$Dsp2025to2025","transferData_privateBackend"
"","83","Policy is accepted ""Affiliates Region""","","Mon Feb 09 04:58:52 UTC 2026","passed","Mon Feb 09 04:58:52 UTC 2026","","org.eclipse.tractusx.edc.tests.policy.PolicyDefinitionEndToEndTest","org.eclipse.tractusx.edc.tests.policy.PolicyDefinitionEndToEndTest","shouldAcceptValidPolicyDefinitions"
"","7916","The authentication token misses required claims: token","","Mon Feb 09 04:58:29 UTC 2026","passed","Mon Feb 09 04:58:37 UTC 2026","","org.eclipse.tractusx.edc.dataplane.tokenrefresh.e2e.DataPlaneTokenRefreshEndToEndTest","org.eclipse.tractusx.edc.dataplane.tokenrefresh.e2e.DataPlaneTokenRefreshEndToEndTest","refresh_invalidAuthenticationToken_missingAccessToken"
"","5141","httpPushDataTransfer()","","Mon Feb 09 05:03:08 UTC 2026","passed","Mon Feb 09 05:03:13 UTC 2026","","org.eclipse.tractusx.edc.tests.transfer.TransferPushEndToEndTest.Dsp08to08","org.eclipse.tractusx.edc.tests.transfer.TransferPushEndToEndTest$Dsp08to08","httpPushDataTransfer"
"","54","5.4.2.1 Verifier should reject a presentation response message that contains a different credential than requested","","Mon Feb 09 04:58:35 UTC 2026","passed","Mon Feb 09 04:58:35 UTC 2026","","org.eclipse.dataspacetck.dcp.verification.presentation.verifier.PresentationFlowSection5Test","org.eclipse.dataspacetck.dcp.verification.presentation.verifier.PresentationFlowSection5Test","verifier_05_04_02_01_presentationResponse_tooFewCredentials"
"","82","4.3.3 Verify invalid access token - iss and sub different","","Mon Feb 09 04:58:34 UTC 2026","passed","Mon Feb 09 04:58:34 UTC 2026","","org.eclipse.dataspacetck.dcp.verification.presentation.verifier.PresentationFlowSection4Test","org.eclipse.dataspacetck.dcp.verification.presentation.verifier.PresentationFlowSection4Test","verifier_04_03_03_idTokenInvalidSub"
"","2354","The refresh token does not match the stored one","","Mon Feb 09 04:58:49 UTC 2026","passed","Mon Feb 09 04:58:51 UTC 2026","","org.eclipse.tractusx.edc.dataplane.tokenrefresh.e2e.DataPlaneTokenRefreshEndToEndTest","org.eclipse.tractusx.edc.dataplane.tokenrefresh.e2e.DataPlaneTokenRefreshEndToEndTest","refresh_withWrongRefreshToken"
"","30","Policy is not accepted due to missing context ""Confidential Information Sharing""","","Mon Feb 09 04:58:55 UTC 2026","passed","Mon Feb 09 04:58:55 UTC 2026","","org.eclipse.tractusx.edc.tests.policy.PolicyDefinitionEndToEndTest","org.eclipse.tractusx.edc.tests.policy.PolicyDefinitionEndToEndTest","shouldNotAcceptInvalidNamespacePolicyDefinitions"
"","2090","transferFile_s3ToAzureMultipleFiles_whenConsumerDefinesBloblName_success(Vault)","","Mon Feb 09 05:00:36 UTC 2026","passed","Mon Feb 09 05:00:38 UTC 2026","","org.eclipse.tractusx.edc.dataplane.transfer.test.MultiCloudTest","org.eclipse.tractusx.edc.dataplane.transfer.test.MultiCloudTest","transferFile_s3ToAzureMultipleFiles_whenConsumerDefinesBloblName_success"
"","38","Policy is not accepted due to missing context ""Version Changes""","","Mon Feb 09 04:58:55 UTC 2026","passed","Mon Feb 09 04:58:55 UTC 2026","","org.eclipse.tractusx.edc.tests.policy.PolicyDefinitionEndToEndTest","org.eclipse.tractusx.edc.tests.policy.PolicyDefinitionEndToEndTest","shouldNotAcceptInvalidNamespacePolicyDefinitions"
"","3981","Contract policy is fulfilled ""DataExchangeGovernance use case""","","Mon Feb 09 05:01:39 UTC 2026","passed","Mon Feb 09 05:01:43 UTC 2026","","org.eclipse.tractusx.edc.tests.transfer.StsConsumerPullTest","org.eclipse.tractusx.edc.tests.transfer.StsConsumerPullTest","transferData_whenContractPolicyFulfilled"
"","951","shouldFail_whenDestinationBucketDoesNotExist()","","Mon Feb 09 05:00:54 UTC 2026","passed","Mon Feb 09 05:00:55 UTC 2026","","org.eclipse.tractusx.edc.dataplane.transfer.test.S3ToS3Test","org.eclipse.tractusx.edc.dataplane.transfer.test.S3ToS3Test","shouldFail_whenDestinationBucketDoesNotExist"
"","4775","Contract policy is fulfilled ""DataExchangeGovernance use case""","","Mon Feb 09 05:00:39 UTC 2026","passed","Mon Feb 09 05:00:44 UTC 2026","","org.eclipse.tractusx.edc.tests.transfer.DimConsumerPullTest","org.eclipse.tractusx.edc.tests.transfer.DimConsumerPullTest","transferData_whenContractPolicyFulfilled"
"","323","Consumer gets catalog from the provider. No constraints.","","Mon Feb 09 04:59:47 UTC 2026","passed","Mon Feb 09 04:59:48 UTC 2026","","org.eclipse.tractusx.edc.tests.catalog.CatalogTest","org.eclipse.tractusx.edc.tests.catalog.CatalogTest","requestCatalog_fulfillsPolicy_shouldReturnOffer"
"","13019","shouldTerminateTransfer_whenPolicyExpires()","","Mon Feb 09 04:59:16 UTC 2026","passed","Mon Feb 09 04:59:29 UTC 2026","","org.eclipse.tractusx.edc.tests.policy.PolicyMonitorEndToEndTest","org.eclipse.tractusx.edc.tests.policy.PolicyMonitorEndToEndTest","shouldTerminateTransfer_whenPolicyExpires"
"","2889","transferFile_azureToS3MultipleFiles(Vault)","","Mon Feb 09 05:00:33 UTC 2026","passed","Mon Feb 09 05:00:36 UTC 2026","","org.eclipse.tractusx.edc.dataplane.transfer.test.MultiCloudTest","org.eclipse.tractusx.edc.dataplane.transfer.test.MultiCloudTest","transferFile_azureToS3MultipleFiles"
"","30","Policy is not accepted due to missing context ""Confidential Information Measures""","","Mon Feb 09 04:58:55 UTC 2026","passed","Mon Feb 09 04:58:55 UTC 2026","","org.eclipse.tractusx.edc.tests.policy.PolicyDefinitionEndToEndTest","org.eclipse.tractusx.edc.tests.policy.PolicyDefinitionEndToEndTest","shouldNotAcceptInvalidNamespacePolicyDefinitions"
"","37","Policy is not accepted due to missing context ""Jurisdiction Location Reference""","","Mon Feb 09 04:58:55 UTC 2026","passed","Mon Feb 09 04:58:55 UTC 2026","","org.eclipse.tractusx.edc.tests.policy.PolicyDefinitionEndToEndTest","org.eclipse.tractusx.edc.tests.policy.PolicyDefinitionEndToEndTest","shouldNotAcceptInvalidNamespacePolicyDefinitions"
"","149949","assertDspCompatibility()","","Mon Feb 09 04:59:43 UTC 2026","passed","Mon Feb 09 05:02:13 UTC 2026","","org.eclipse.tractusx.edc.tests.tck.dsp.EdcCompatibilityPostgresTest","org.eclipse.tractusx.edc.tests.tck.dsp.EdcCompatibilityPostgresTest","assertDspCompatibility"
"","269","Verify that the consumer receives only the offers he is permitted to (using the new BPN validation)","","Mon Feb 09 05:00:35 UTC 2026","passed","Mon Feb 09 05:00:35 UTC 2026","","org.eclipse.tractusx.edc.tests.catalog.CatalogTest","org.eclipse.tractusx.edc.tests.catalog.CatalogTest","requestCatalog_filteredByBpn_shouldReject"
"","80","5.4.2.2 Verifier should accept a presentation response message that contains more credentials than requested","","Mon Feb 09 04:58:35 UTC 2026","passed","Mon Feb 09 04:58:35 UTC 2026","","org.eclipse.dataspacetck.dcp.verification.presentation.verifier.PresentationFlowSection5Test","org.eclipse.dataspacetck.dcp.verification.presentation.verifier.PresentationFlowSection5Test","verifier_05_04_02_02_presentationResponse_tooManyCredentials"
"","72","Policy is accepted ""In force date policy""","","Mon Feb 09 04:58:54 UTC 2026","passed","Mon Feb 09 04:58:54 UTC 2026","","org.eclipse.tractusx.edc.tests.policy.PolicyDefinitionEndToEndTest","org.eclipse.tractusx.edc.tests.policy.PolicyDefinitionEndToEndTest","shouldAcceptValidPolicyDefinitions"
"","55","Policy is accepted ""Usage Purpose""","","Mon Feb 09 04:58:53 UTC 2026","passed","Mon Feb 09 04:58:53 UTC 2026","","org.eclipse.tractusx.edc.tests.policy.PolicyDefinitionEndToEndTest","org.eclipse.tractusx.edc.tests.policy.PolicyDefinitionEndToEndTest","shouldAcceptValidPolicyDefinitions"
"","44","Policy is not accepted because definition is not correct ""Policy with different actions types""","","Mon Feb 09 04:58:54 UTC 2026","passed","Mon Feb 09 04:58:54 UTC 2026","","org.eclipse.tractusx.edc.tests.policy.PolicyDefinitionEndToEndTest","org.eclipse.tractusx.edc.tests.policy.PolicyDefinitionEndToEndTest","shouldNotAcceptInvalidPolicyDefinitions"
"","86","5.4.2.4 Verifier should reject an a presentation where a requested credential is missing","","Mon Feb 09 04:58:35 UTC 2026","passed","Mon Feb 09 04:58:35 UTC 2026","","org.eclipse.dataspacetck.dcp.verification.presentation.verifier.PresentationFlowSection5Test","org.eclipse.dataspacetck.dcp.verification.presentation.verifier.PresentationFlowSection5Test","verifier_05_04_02_04_presentationResponse_emptyCredentials"
"","45","Provider gets 400 when no asset selector is used","","Mon Feb 09 04:59:43 UTC 2026","passed","Mon Feb 09 04:59:43 UTC 2026","","org.eclipse.tractusx.edc.tests.validators.EmptyAssetSelectorValidatorTest","org.eclipse.tractusx.edc.tests.validators.EmptyAssetSelectorValidatorTest","shouldFail_whenContractDefinitionHasNoAssetSelector"
"","64","Policy is accepted ""Data Frequency""","","Mon Feb 09 04:58:52 UTC 2026","passed","Mon Feb 09 04:58:52 UTC 2026","","org.eclipse.tractusx.edc.tests.policy.PolicyDefinitionEndToEndTest","org.eclipse.tractusx.edc.tests.policy.PolicyDefinitionEndToEndTest","shouldAcceptValidPolicyDefinitions"
"","37","Policy is not accepted due to missing context ""Warranty Definition""","","Mon Feb 09 04:58:55 UTC 2026","passed","Mon Feb 09 04:58:55 UTC 2026","","org.eclipse.tractusx.edc.tests.policy.PolicyDefinitionEndToEndTest","org.eclipse.tractusx.edc.tests.policy.PolicyDefinitionEndToEndTest","shouldNotAcceptInvalidNamespacePolicyDefinitions"
"","2753","shouldDelegateAuth()","","Mon Feb 09 04:59:28 UTC 2026","passed","Mon Feb 09 04:59:30 UTC 2026","","org.eclipse.tractusx.edc.tests.auth.DelegatedAuthEndToEndTest","org.eclipse.tractusx.edc.tests.auth.DelegatedAuthEndToEndTest","shouldDelegateAuth"
"","167","Policy is not accepted because definition is not correct ""Usage policy with empty permission""","","Mon Feb 09 04:58:54 UTC 2026","passed","Mon Feb 09 04:58:54 UTC 2026","","org.eclipse.tractusx.edc.tests.policy.PolicyDefinitionEndToEndTest","org.eclipse.tractusx.edc.tests.policy.PolicyDefinitionEndToEndTest","shouldNotAcceptInvalidPolicyDefinitions"
"","50","Policy is accepted ""Liability""","","Mon Feb 09 04:58:53 UTC 2026","passed","Mon Feb 09 04:58:53 UTC 2026","","org.eclipse.tractusx.edc.tests.policy.PolicyDefinitionEndToEndTest","org.eclipse.tractusx.edc.tests.policy.PolicyDefinitionEndToEndTest","shouldAcceptValidPolicyDefinitions"
"","2680","Policy is accepted ""MembershipCredential""","","Mon Feb 09 04:58:49 UTC 2026","passed","Mon Feb 09 04:58:52 UTC 2026","","org.eclipse.tractusx.edc.tests.policy.PolicyDefinitionEndToEndTest","org.eclipse.tractusx.edc.tests.policy.PolicyDefinitionEndToEndTest","shouldAcceptValidPolicyDefinitions"
"","43","Policy is not accepted because definition is not correct ""Policy with mutually exclusive constraints""","","Mon Feb 09 04:58:54 UTC 2026","passed","Mon Feb 09 04:58:54 UTC 2026","","org.eclipse.tractusx.edc.tests.policy.PolicyDefinitionEndToEndTest","org.eclipse.tractusx.edc.tests.policy.PolicyDefinitionEndToEndTest","shouldNotAcceptInvalidPolicyDefinitions"
"","41","Policy is not accepted due to missing context ""MembershipCredential""","","Mon Feb 09 04:58:54 UTC 2026","passed","Mon Feb 09 04:58:54 UTC 2026","","org.eclipse.tractusx.edc.tests.policy.PolicyDefinitionEndToEndTest","org.eclipse.tractusx.edc.tests.policy.PolicyDefinitionEndToEndTest","shouldNotAcceptInvalidNamespacePolicyDefinitions"
"","40","Policy is not accepted because definition is not correct ""Access policy permission with not allowed constraints""","","Mon Feb 09 04:58:54 UTC 2026","passed","Mon Feb 09 04:58:54 UTC 2026","","org.eclipse.tractusx.edc.tests.policy.PolicyDefinitionEndToEndTest","org.eclipse.tractusx.edc.tests.policy.PolicyDefinitionEndToEndTest","shouldNotAcceptInvalidPolicyDefinitions"
"","1432","4.3.3 Verify invalid access token - nbf in future","","Mon Feb 09 04:58:32 UTC 2026","passed","Mon Feb 09 04:58:34 UTC 2026","","org.eclipse.dataspacetck.dcp.verification.presentation.verifier.PresentationFlowSection4Test","org.eclipse.dataspacetck.dcp.verification.presentation.verifier.PresentationFlowSection4Test","verifier_04_03_03_idTokenNbfInFuture"
"","9550","transferFile_withBucketCreation_success()","","Mon Feb 09 05:00:11 UTC 2026","passed","Mon Feb 09 05:00:21 UTC 2026","","org.eclipse.tractusx.edc.tests.transfer.S3ToS3EndToEndTest","org.eclipse.tractusx.edc.tests.transfer.S3ToS3EndToEndTest","transferFile_withBucketCreation_success"
"","5781","Verify that the callbacks are invoked when negotiating an EDR","","Mon Feb 09 04:59:11 UTC 2026","passed","Mon Feb 09 04:59:17 UTC 2026","","org.eclipse.tractusx.edc.tests.edrv2.NegotiateEdrTest","org.eclipse.tractusx.edc.tests.edrv2.NegotiateEdrTest","negotiateEdr_shouldInvokeCallbacks"
"","7145","httpPushDataTransfer_withLegacyUsagePolicy()","","Mon Feb 09 05:03:42 UTC 2026","passed","Mon Feb 09 05:03:49 UTC 2026","","org.eclipse.tractusx.edc.tests.transfer.TransferPushEndToEndTest.Dsp2025to2025","org.eclipse.tractusx.edc.tests.transfer.TransferPushEndToEndTest$Dsp2025to2025","httpPushDataTransfer_withLegacyUsagePolicy"
"","41","discoveryShouldReturnDspParams_DidAsIdentifier()","","Mon Feb 09 04:59:45 UTC 2026","passed","Mon Feb 09 04:59:45 UTC 2026","","org.eclipse.tractusx.edc.discovery.e2e.ConnectorDiscoveryTest","org.eclipse.tractusx.edc.discovery.e2e.ConnectorDiscoveryTest","discoveryShouldReturnDspParams_DidAsIdentifier"
"","46","Policy is not accepted because definition is not correct ""Usage policy permission with not allowed constraints""","","Mon Feb 09 04:58:54 UTC 2026","passed","Mon Feb 09 04:58:54 UTC 2026","","org.eclipse.tractusx.edc.tests.policy.PolicyDefinitionEndToEndTest","org.eclipse.tractusx.edc.tests.policy.PolicyDefinitionEndToEndTest","shouldNotAcceptInvalidPolicyDefinitions"
"","7069","transferData_withSuspendResume()","","Mon Feb 09 05:01:24 UTC 2026","passed","Mon Feb 09 05:01:31 UTC 2026","","org.eclipse.tractusx.edc.tests.transfer.TransferPullEndToEndTest.Dsp08to08","org.eclipse.tractusx.edc.tests.transfer.TransferPullEndToEndTest$Dsp08to08","transferData_withSuspendResume"
"","2371","Refresh token is null or empty (missing) [2] """"","","Mon Feb 09 04:58:44 UTC 2026","passed","Mon Feb 09 04:58:47 UTC 2026","","org.eclipse.tractusx.edc.dataplane.tokenrefresh.e2e.DataPlaneTokenRefreshEndToEndTest","org.eclipse.tractusx.edc.dataplane.tokenrefresh.e2e.DataPlaneTokenRefreshEndToEndTest","refresh_invalidRefreshToken"
"","60","Policy is accepted ""Contract reference""","","Mon Feb 09 04:58:53 UTC 2026","passed","Mon Feb 09 04:58:53 UTC 2026","","org.eclipse.tractusx.edc.tests.policy.PolicyDefinitionEndToEndTest","org.eclipse.tractusx.edc.tests.policy.PolicyDefinitionEndToEndTest","shouldAcceptValidPolicyDefinitions"
"","2405","Refresh token is null or empty (missing) [1] null","","Mon Feb 09 04:58:42 UTC 2026","passed","Mon Feb 09 04:58:44 UTC 2026","","org.eclipse.tractusx.edc.dataplane.tokenrefresh.e2e.DataPlaneTokenRefreshEndToEndTest","org.eclipse.tractusx.edc.dataplane.tokenrefresh.e2e.DataPlaneTokenRefreshEndToEndTest","refresh_invalidRefreshToken"
"","31","Policy is not accepted due to missing context ""Business Partner Group""","","Mon Feb 09 04:58:55 UTC 2026","passed","Mon Feb 09 04:58:55 UTC 2026","","org.eclipse.tractusx.edc.tests.policy.PolicyDefinitionEndToEndTest","org.eclipse.tractusx.edc.tests.policy.PolicyDefinitionEndToEndTest","shouldNotAcceptInvalidNamespacePolicyDefinitions"
"","5","verifyCorrectParticipantAgentId_forDsp08(DataspaceProfileContextRegistry)","","Mon Feb 09 05:01:09 UTC 2026","passed","Mon Feb 09 05:01:09 UTC 2026","","org.eclipse.tractusx.edc.tests.transfer.IdentityExtractionTest","org.eclipse.tractusx.edc.tests.transfer.IdentityExtractionTest","verifyCorrectParticipantAgentId_forDsp08"
"","358","Expect the Catalog request to fail if a credential has an invalid credential subject id","","Mon Feb 09 05:00:31 UTC 2026","passed","Mon Feb 09 05:00:31 UTC 2026","","org.eclipse.tractusx.edc.tests.transfer.DimConsumerPullTest","org.eclipse.tractusx.edc.tests.transfer.DimConsumerPullTest","catalogRequest_whenCredentialSubjectIdIsInvalid"
"","5974","azureBlobPush_withDestFolder()","","Mon Feb 09 04:59:07 UTC 2026","passed","Mon Feb 09 04:59:13 UTC 2026","","org.eclipse.tractusx.edc.tests.transfer.AzureToAzureEndToEndTest","org.eclipse.tractusx.edc.tests.transfer.AzureToAzureEndToEndTest","azureBlobPush_withDestFolder"
"","82","Expect the Catalog request to fail if a requested credential is missing","","Mon Feb 09 05:01:34 UTC 2026","passed","Mon Feb 09 05:01:34 UTC 2026","","org.eclipse.tractusx.edc.tests.transfer.StsConsumerPullTest","org.eclipse.tractusx.edc.tests.transfer.StsConsumerPullTest","catalogRequest_whenRequestedCredentialMissing"
"","50","Policy is accepted ""Liability""","","Mon Feb 09 04:58:53 UTC 2026","passed","Mon Feb 09 04:58:53 UTC 2026","","org.eclipse.tractusx.edc.tests.policy.PolicyDefinitionEndToEndTest","org.eclipse.tractusx.edc.tests.policy.PolicyDefinitionEndToEndTest","shouldAcceptValidPolicyDefinitions"
"","37","Policy is not accepted due to missing context ""Jurisdiction Location""","","Mon Feb 09 04:58:55 UTC 2026","passed","Mon Feb 09 04:58:55 UTC 2026","","org.eclipse.tractusx.edc.tests.policy.PolicyDefinitionEndToEndTest","org.eclipse.tractusx.edc.tests.policy.PolicyDefinitionEndToEndTest","shouldNotAcceptInvalidNamespacePolicyDefinitions"
"","57","5.4.3 Verifier should reject Presentations where the holder does not match the credentialSubject.id","","Mon Feb 09 04:58:35 UTC 2026","passed","Mon Feb 09 04:58:35 UTC 2026","","org.eclipse.dataspacetck.dcp.verification.presentation.verifier.PresentationFlowSection5Test","org.eclipse.dataspacetck.dcp.verification.presentation.verifier.PresentationFlowSection5Test","verifier_05_04_03_presentationResponse_holderNotEqualSubjectId"
"","309","4.3.3 Verify invalid access token - jti","","Mon Feb 09 04:58:34 UTC 2026","passed","Mon Feb 09 04:58:34 UTC 2026","","org.eclipse.dataspacetck.dcp.verification.presentation.verifier.PresentationFlowSection4Test","org.eclipse.dataspacetck.dcp.verification.presentation.verifier.PresentationFlowSection4Test","verifier_04_03_03_idTokenJtiUsedTwice"
"","10363","httpPushNonFiniteDataTransfer()","","Mon Feb 09 05:03:54 UTC 2026","passed","Mon Feb 09 05:04:04 UTC 2026","","org.eclipse.tractusx.edc.tests.transfer.TransferPushEndToEndTest.Dsp2025to2025","org.eclipse.tractusx.edc.tests.transfer.TransferPushEndToEndTest$Dsp2025to2025","httpPushNonFiniteDataTransfer"
"","3449","transferData_failing_withProxyOriginalResponse_withoutSourceResponseBody()","","Mon Feb 09 05:02:25 UTC 2026","passed","Mon Feb 09 05:02:29 UTC 2026","","org.eclipse.tractusx.edc.tests.transfer.TransferPullEndToEndTest.Dsp2025to2025","org.eclipse.tractusx.edc.tests.transfer.TransferPullEndToEndTest$Dsp2025to2025","transferData_failing_withProxyOriginalResponse_withoutSourceResponseBody"
"","44","Policy is accepted ""Warranty""","","Mon Feb 09 04:58:53 UTC 2026","passed","Mon Feb 09 04:58:53 UTC 2026","","org.eclipse.tractusx.edc.tests.policy.PolicyDefinitionEndToEndTest","org.eclipse.tractusx.edc.tests.policy.PolicyDefinitionEndToEndTest","shouldAcceptValidPolicyDefinitions"
"","59","triggerDataTransfer_shouldFail_whenDataFlowIsNotInStartedState()","","Mon Feb 09 04:59:54 UTC 2026","passed","Mon Feb 09 04:59:54 UTC 2026","","org.eclipse.tractusx.edc.tests.transfer.DataFlowApiEndToEndTest","org.eclipse.tractusx.edc.tests.transfer.DataFlowApiEndToEndTest","triggerDataTransfer_shouldFail_whenDataFlowIsNotInStartedState"
"","51","Policy is accepted ""Business Partner Group""","","Mon Feb 09 04:58:53 UTC 2026","passed","Mon Feb 09 04:58:53 UTC 2026","","org.eclipse.tractusx.edc.tests.policy.PolicyDefinitionEndToEndTest","org.eclipse.tractusx.edc.tests.policy.PolicyDefinitionEndToEndTest","shouldAcceptValidPolicyDefinitions"
"","15778","discoveryShouldReturn500_whenProviderEndpointNotReachable()","","Mon Feb 09 05:00:17 UTC 2026","passed","Mon Feb 09 05:00:33 UTC 2026","","org.eclipse.tractusx.edc.discovery.e2e.ConnectorParameterDiscoveryTest","org.eclipse.tractusx.edc.discovery.e2e.ConnectorParameterDiscoveryTest","discoveryShouldReturn500_whenProviderEndpointNotReachable"
"","464","discoveryShouldReturnDspParams_BpnAsIdentifier()","","Mon Feb 09 04:59:44 UTC 2026","passed","Mon Feb 09 04:59:45 UTC 2026","","org.eclipse.tractusx.edc.discovery.e2e.ConnectorDiscoveryTest","org.eclipse.tractusx.edc.discovery.e2e.ConnectorDiscoveryTest","discoveryShouldReturnDspParams_BpnAsIdentifier"
"","48","Policy is not accepted due to missing context ""Data Usage End Date Definition""","","Mon Feb 09 04:58:55 UTC 2026","passed","Mon Feb 09 04:58:55 UTC 2026","","org.eclipse.tractusx.edc.tests.policy.PolicyDefinitionEndToEndTest","org.eclipse.tractusx.edc.tests.policy.PolicyDefinitionEndToEndTest","shouldNotAcceptInvalidNamespacePolicyDefinitions"
"","37","Policy is not accepted due to missing context ""Usage Purpose""","","Mon Feb 09 04:58:55 UTC 2026","passed","Mon Feb 09 04:58:55 UTC 2026","","org.eclipse.tractusx.edc.tests.policy.PolicyDefinitionEndToEndTest","org.eclipse.tractusx.edc.tests.policy.PolicyDefinitionEndToEndTest","shouldNotAcceptInvalidNamespacePolicyDefinitions"
"","30","discoveryShouldReturn400_ifRequestHasMissingProps()","","Mon Feb 09 05:00:33 UTC 2026","passed","Mon Feb 09 05:00:33 UTC 2026","","org.eclipse.tractusx.edc.discovery.e2e.ConnectorParameterDiscoveryTest","org.eclipse.tractusx.edc.discovery.e2e.ConnectorParameterDiscoveryTest","discoveryShouldReturn400_ifRequestHasMissingProps"
"","234","discoveryShouldReturn2025DspParams_BpnAsIdentifier()","","Mon Feb 09 05:00:17 UTC 2026","passed","Mon Feb 09 05:00:17 UTC 2026","","org.eclipse.tractusx.edc.discovery.e2e.ConnectorParameterDiscoveryTest","org.eclipse.tractusx.edc.discovery.e2e.ConnectorParameterDiscoveryTest","discoveryShouldReturn2025DspParams_BpnAsIdentifier"
"","52","Policy is accepted ""Warranty Duration Months""","","Mon Feb 09 04:58:53 UTC 2026","passed","Mon Feb 09 04:58:53 UTC 2026","","org.eclipse.tractusx.edc.tests.policy.PolicyDefinitionEndToEndTest","org.eclipse.tractusx.edc.tests.policy.PolicyDefinitionEndToEndTest","shouldAcceptValidPolicyDefinitions"
"","2049","transferFile_azureToS3(Vault)","","Mon Feb 09 05:00:40 UTC 2026","passed","Mon Feb 09 05:00:42 UTC 2026","","org.eclipse.tractusx.edc.dataplane.transfer.test.MultiCloudTest","org.eclipse.tractusx.edc.dataplane.transfer.test.MultiCloudTest","transferFile_azureToS3"
"","38","Policy is not accepted due to missing context ""Data Usage End Date""","","Mon Feb 09 04:58:55 UTC 2026","passed","Mon Feb 09 04:58:55 UTC 2026","","org.eclipse.tractusx.edc.tests.policy.PolicyDefinitionEndToEndTest","org.eclipse.tractusx.edc.tests.policy.PolicyDefinitionEndToEndTest","shouldNotAcceptInvalidNamespacePolicyDefinitions"
"","2375","The authentication token misses required claims: audience","","Mon Feb 09 04:58:54 UTC 2026","passed","Mon Feb 09 04:58:56 UTC 2026","","org.eclipse.tractusx.edc.dataplane.tokenrefresh.e2e.DataPlaneTokenRefreshEndToEndTest","org.eclipse.tractusx.edc.dataplane.tokenrefresh.e2e.DataPlaneTokenRefreshEndToEndTest","refresh_invalidAuthenticationToken_missingAudience"
"","2054","transferFile_success(Vault)","","Mon Feb 09 05:00:16 UTC 2026","passed","Mon Feb 09 05:00:18 UTC 2026","","org.eclipse.tractusx.edc.dataplane.transfer.test.AzureToAzureTest","org.eclipse.tractusx.edc.dataplane.transfer.test.AzureToAzureTest","transferFile_success"
"","1414","Consumer gets cached catalog with provider entry","","Mon Feb 09 05:00:55 UTC 2026","passed","Mon Feb 09 05:00:57 UTC 2026","","org.eclipse.tractusx.edc.tests.catalog.FederatedCatalogTest","org.eclipse.tractusx.edc.tests.catalog.FederatedCatalogTest","requestCatalog_fulfillsPolicy_shouldReturnOffer"
"","83","Verify HTTP 200 response and body when refreshing succeeds","","Mon Feb 09 04:58:52 UTC 2026","passed","Mon Feb 09 04:58:52 UTC 2026","","org.eclipse.tractusx.edc.tests.edrv2.EdrCacheApiEndToEndTest","org.eclipse.tractusx.edc.tests.edrv2.EdrCacheApiEndToEndTest","getEdrWithRefresh_success"
"","7208","azureBlobPush_containerNotExist()","","Mon Feb 09 04:59:13 UTC 2026","passed","Mon Feb 09 04:59:20 UTC 2026","","org.eclipse.tractusx.edc.tests.transfer.AzureToAzureEndToEndTest","org.eclipse.tractusx.edc.tests.transfer.AzureToAzureEndToEndTest","azureBlobPush_containerNotExist"
"","107","BusinessPartnerDeleted event is published","","Mon Feb 09 04:58:45 UTC 2026","passed","Mon Feb 09 04:58:45 UTC 2026","","org.eclipse.tractusx.edc.tests.bpn.events.BusinessPartnerEventTest","org.eclipse.tractusx.edc.tests.bpn.events.BusinessPartnerEventTest","shouldPublishBusinessPartnerDeletedEvent"
"","51","Policy is accepted ""Confidential Information Measures""","","Mon Feb 09 04:58:53 UTC 2026","passed","Mon Feb 09 04:58:53 UTC 2026","","org.eclipse.tractusx.edc.tests.policy.PolicyDefinitionEndToEndTest","org.eclipse.tractusx.edc.tests.policy.PolicyDefinitionEndToEndTest","shouldAcceptValidPolicyDefinitions"
"","70","4.3.3 Verify invalid access token - sub does not match DID document id","","Mon Feb 09 04:58:35 UTC 2026","passed","Mon Feb 09 04:58:35 UTC 2026","","org.eclipse.dataspacetck.dcp.verification.presentation.verifier.PresentationFlowSection4Test","org.eclipse.dataspacetck.dcp.verification.presentation.verifier.PresentationFlowSection4Test","verifier_04_03_03_idTokenIncorrectSub"
"","89","refreshEdr_whenNotFound()","","Mon Feb 09 04:58:46 UTC 2026","passed","Mon Feb 09 04:58:46 UTC 2026","","org.eclipse.tractusx.edc.tests.edrv2.EdrCacheApiEndToEndTest","org.eclipse.tractusx.edc.tests.edrv2.EdrCacheApiEndToEndTest","refreshEdr_whenNotFound"
"","269","Expect the Catalog request to fail if a credential is revoked","","Mon Feb 09 05:01:34 UTC 2026","passed","Mon Feb 09 05:01:34 UTC 2026","","org.eclipse.tractusx.edc.tests.transfer.StsConsumerPullTest","org.eclipse.tractusx.edc.tests.transfer.StsConsumerPullTest","catalogRequest_whenCredentialRevoked"
"","10351","httpPushNonFiniteDataTransfer()","","Mon Feb 09 05:03:13 UTC 2026","passed","Mon Feb 09 05:03:24 UTC 2026","","org.eclipse.tractusx.edc.tests.transfer.TransferPushEndToEndTest.Dsp08to08","org.eclipse.tractusx.edc.tests.transfer.TransferPushEndToEndTest$Dsp08to08","httpPushNonFiniteDataTransfer"
"","27","discoveryShouldReturn400_whenDidNotResolvable()","","Mon Feb 09 05:00:17 UTC 2026","passed","Mon Feb 09 05:00:17 UTC 2026","","org.eclipse.tractusx.edc.discovery.e2e.ConnectorParameterDiscoveryTest","org.eclipse.tractusx.edc.discovery.e2e.ConnectorParameterDiscoveryTest","discoveryShouldReturn400_whenDidNotResolvable"
"","11365","shouldTransferOneGbFile()","","Mon Feb 09 05:00:55 UTC 2026","passed","Mon Feb 09 05:01:07 UTC 2026","","org.eclipse.tractusx.edc.dataplane.transfer.test.S3ToS3Test","org.eclipse.tractusx.edc.dataplane.transfer.test.S3ToS3Test","shouldTransferOneGbFile"
"","5533","When multiple requests to refresh, to different edrs, verify all return non expired token","","Mon Feb 09 04:58:46 UTC 2026","passed","Mon Feb 09 04:58:52 UTC 2026","","org.eclipse.tractusx.edc.tests.edrv2.EdrCacheApiEndToEndTest","org.eclipse.tractusx.edc.tests.edrv2.EdrCacheApiEndToEndTest","getEdrWithRefresh_subsequentRequestReturn"
"","2350","The sign key of the authentication token is different from the public key from the DID","","Mon Feb 09 04:58:51 UTC 2026","passed","Mon Feb 09 04:58:54 UTC 2026","","org.eclipse.tractusx.edc.dataplane.tokenrefresh.e2e.DataPlaneTokenRefreshEndToEndTest","org.eclipse.tractusx.edc.dataplane.tokenrefresh.e2e.DataPlaneTokenRefreshEndToEndTest","refresh_spoofedAuthToken"
"","57","5.4.3.6 Verifier should reject a credential that is not yet valid","","Mon Feb 09 04:58:35 UTC 2026","passed","Mon Feb 09 04:58:35 UTC 2026","","org.eclipse.dataspacetck.dcp.verification.presentation.verifier.PresentationFlowSection5Test","org.eclipse.dataspacetck.dcp.verification.presentation.verifier.PresentationFlowSection5Test","verifier_05_04_03_06_presentationResponse_notYetValidCredential"
"","62","Verify the refresh endpoint is not called when token not yet expired","","Mon Feb 09 04:58:46 UTC 2026","passed","Mon Feb 09 04:58:46 UTC 2026","","org.eclipse.tractusx.edc.tests.edrv2.EdrCacheApiEndToEndTest","org.eclipse.tractusx.edc.tests.edrv2.EdrCacheApiEndToEndTest","getEdrWithRefresh_notExpired_shouldNotCallEndpoint"
"","12017","azureBlobPush_withoutDestFolder()","","Mon Feb 09 04:58:55 UTC 2026","passed","Mon Feb 09 04:59:07 UTC 2026","","org.eclipse.tractusx.edc.tests.transfer.AzureToAzureEndToEndTest","org.eclipse.tractusx.edc.tests.transfer.AzureToAzureEndToEndTest","azureBlobPush_withoutDestFolder"
"","70","4.3.1 Verifier should reject an ID token that does not contain an access token","","Mon Feb 09 04:58:34 UTC 2026","passed","Mon Feb 09 04:58:34 UTC 2026","","org.eclipse.dataspacetck.dcp.verification.presentation.verifier.PresentationFlowSection4Test","org.eclipse.dataspacetck.dcp.verification.presentation.verifier.PresentationFlowSection4Test","verifier_04_03_01_presentationResponse_idTokenNoTokenClaim"
"","5873","transferData_withSuspendResume()","","Mon Feb 09 05:02:33 UTC 2026","passed","Mon Feb 09 05:02:39 UTC 2026","","org.eclipse.tractusx.edc.tests.transfer.TransferPullEndToEndTest.Dsp2025to2025","org.eclipse.tractusx.edc.tests.transfer.TransferPullEndToEndTest$Dsp2025to2025","transferData_withSuspendResume"
"","51","refreshEdr_whenNotAuthorized()","","Mon Feb 09 04:58:52 UTC 2026","passed","Mon Feb 09 04:58:52 UTC 2026","","org.eclipse.tractusx.edc.tests.edrv2.EdrCacheApiEndToEndTest","org.eclipse.tractusx.edc.tests.edrv2.EdrCacheApiEndToEndTest","refreshEdr_whenNotAuthorized"
"","15805","Malicious actor should not impersonate a consumer by creating a VP with the consumer membership credential","","Mon Feb 09 04:59:38 UTC 2026","passed","Mon Feb 09 04:59:54 UTC 2026","","org.eclipse.tractusx.edc.tests.transfer.CredentialSpoofTest","org.eclipse.tractusx.edc.tests.transfer.CredentialSpoofTest","shouldNotImpersonateConsumer_withWrappedConsumerCredential"
"","73","Policy is accepted ""Access policy with empty permission""","","Mon Feb 09 04:58:54 UTC 2026","passed","Mon Feb 09 04:58:54 UTC 2026","","org.eclipse.tractusx.edc.tests.policy.PolicyDefinitionEndToEndTest","org.eclipse.tractusx.edc.tests.policy.PolicyDefinitionEndToEndTest","shouldAcceptValidPolicyDefinitions"
"","72","Verify HTTP 403 response when refreshing the token is not allowed","","Mon Feb 09 04:58:46 UTC 2026","passed","Mon Feb 09 04:58:46 UTC 2026","","org.eclipse.tractusx.edc.tests.edrv2.EdrCacheApiEndToEndTest","org.eclipse.tractusx.edc.tests.edrv2.EdrCacheApiEndToEndTest","getEdrWithRefresh_unauthorized"
"","38","Policy is not accepted due to missing context ""Affiliates BPNL""","","Mon Feb 09 04:58:54 UTC 2026","passed","Mon Feb 09 04:58:55 UTC 2026","","org.eclipse.tractusx.edc.tests.policy.PolicyDefinitionEndToEndTest","org.eclipse.tractusx.edc.tests.policy.PolicyDefinitionEndToEndTest","shouldNotAcceptInvalidNamespacePolicyDefinitions"
"","4519","transferData_failing_withProxyOriginalResponse_withoutSourceResponseBody()","","Mon Feb 09 05:01:15 UTC 2026","passed","Mon Feb 09 05:01:20 UTC 2026","","org.eclipse.tractusx.edc.tests.transfer.TransferPullEndToEndTest.Dsp08to08","org.eclipse.tractusx.edc.tests.transfer.TransferPullEndToEndTest$Dsp08to08","transferData_failing_withProxyOriginalResponse_withoutSourceResponseBody"
"","33","Policy is not accepted due to missing context ""Exclusive Usage""","","Mon Feb 09 04:58:55 UTC 2026","passed","Mon Feb 09 04:58:55 UTC 2026","","org.eclipse.tractusx.edc.tests.policy.PolicyDefinitionEndToEndTest","org.eclipse.tractusx.edc.tests.policy.PolicyDefinitionEndToEndTest","shouldNotAcceptInvalidNamespacePolicyDefinitions"
"","6042","transferFile_success()","","Mon Feb 09 05:00:21 UTC 2026","passed","Mon Feb 09 05:00:27 UTC 2026","","org.eclipse.tractusx.edc.tests.transfer.S3ToS3EndToEndTest","org.eclipse.tractusx.edc.tests.transfer.S3ToS3EndToEndTest","transferFile_success"
"","2552","The Authorization header is missing","","Mon Feb 09 04:58:37 UTC 2026","passed","Mon Feb 09 04:58:39 UTC 2026","","org.eclipse.tractusx.edc.dataplane.tokenrefresh.e2e.DataPlaneTokenRefreshEndToEndTest","org.eclipse.tractusx.edc.dataplane.tokenrefresh.e2e.DataPlaneTokenRefreshEndToEndTest","refresh_missingAuthHeader"
"","69","Provider gets 200 when asset selector has a valid criterion","","Mon Feb 09 04:59:43 UTC 2026","passed","Mon Feb 09 04:59:43 UTC 2026","","org.eclipse.tractusx.edc.tests.validators.EmptyAssetSelectorValidatorTest","org.eclipse.tractusx.edc.tests.validators.EmptyAssetSelectorValidatorTest","shouldPass_whenContractDefinitionHasCorrectAssetSelector"
"","52","Policy is accepted ""Empty Policy""","","Mon Feb 09 04:58:54 UTC 2026","passed","Mon Feb 09 04:58:54 UTC 2026","","org.eclipse.tractusx.edc.tests.policy.PolicyDefinitionEndToEndTest","org.eclipse.tractusx.edc.tests.policy.PolicyDefinitionEndToEndTest","shouldAcceptValidPolicyDefinitions"
"","89","X.X Verifier should reject Presentations where at least 1 credential schema is violated","","Mon Feb 09 04:58:35 UTC 2026","passed","Mon Feb 09 04:58:35 UTC 2026","","org.eclipse.dataspacetck.dcp.verification.presentation.verifier.PresentationFlowSection5Test","org.eclipse.dataspacetck.dcp.verification.presentation.verifier.PresentationFlowSection5Test","verifier_x_x_presentationResponse_invalidCredentialSchema"
"","61","Policy is accepted ""Data Usage End Duration Days""","","Mon Feb 09 04:58:52 UTC 2026","passed","Mon Feb 09 04:58:53 UTC 2026","","org.eclipse.tractusx.edc.tests.policy.PolicyDefinitionEndToEndTest","org.eclipse.tractusx.edc.tests.policy.PolicyDefinitionEndToEndTest","shouldAcceptValidPolicyDefinitions"
"","6664","Verify all existing TPs related to an agreement are terminated upon its retirement","","Mon Feb 09 05:00:14 UTC 2026","passed","Mon Feb 09 05:00:21 UTC 2026","","org.eclipse.tractusx.edc.tests.transfer.RetireAgreementTest","org.eclipse.tractusx.edc.tests.transfer.RetireAgreementTest","retireAgreement_shouldCloseTransferProcesses"
"","32","discoveryShouldReturn502_ifMetadaEndpointNotReachable()","","Mon Feb 09 05:00:33 UTC 2026","passed","Mon Feb 09 05:00:33 UTC 2026","","org.eclipse.tractusx.edc.discovery.e2e.ConnectorParameterDiscoveryTest","org.eclipse.tractusx.edc.discovery.e2e.ConnectorParameterDiscoveryTest","discoveryShouldReturn502_ifMetadaEndpointNotReachable"
"","3540","Run TCK Presentation Flow tests","","Mon Feb 09 04:58:32 UTC 2026","passed","Mon Feb 09 04:58:35 UTC 2026","","org.eclipse.tractusx.edc.tests.tck.dcp.DcpPresentationFlowTest","org.eclipse.tractusx.edc.tests.tck.dcp.DcpPresentationFlowTest","runPresentationFlowTests"
"","80","Policy is accepted ""Affiliates BPNL""","","Mon Feb 09 04:58:52 UTC 2026","passed","Mon Feb 09 04:58:52 UTC 2026","","org.eclipse.tractusx.edc.tests.policy.PolicyDefinitionEndToEndTest","org.eclipse.tractusx.edc.tests.policy.PolicyDefinitionEndToEndTest","shouldAcceptValidPolicyDefinitions"
"","1842","Expect the Catalog request to fail if a credential is expired","","Mon Feb 09 05:00:28 UTC 2026","passed","Mon Feb 09 05:00:30 UTC 2026","","org.eclipse.tractusx.edc.tests.transfer.DimConsumerPullTest","org.eclipse.tractusx.edc.tests.transfer.DimConsumerPullTest","catalogRequest_whenCredentialExpired"
"","31","Policy is not accepted due to missing context ""Warranty Duration Months""","","Mon Feb 09 04:58:55 UTC 2026","passed","Mon Feb 09 04:58:55 UTC 2026","","org.eclipse.tractusx.edc.tests.policy.PolicyDefinitionEndToEndTest","org.eclipse.tractusx.edc.tests.policy.PolicyDefinitionEndToEndTest","shouldNotAcceptInvalidNamespacePolicyDefinitions"
"","253","Verify that the consumer receives only the offers he is permitted to (using the legacy BPN validation)","","Mon Feb 09 05:00:35 UTC 2026","passed","Mon Feb 09 05:00:36 UTC 2026","","org.eclipse.tractusx.edc.tests.catalog.CatalogTest","org.eclipse.tractusx.edc.tests.catalog.CatalogTest","requestCatalog_filteredByBpnLegacy_shouldReject"
"","7485","transferData_withAutomaticRefresh()","","Mon Feb 09 05:04:22 UTC 2026","passed","Mon Feb 09 05:04:30 UTC 2026","","org.eclipse.tractusx.edc.tests.transfer.TransferWithTokenRefreshTest","org.eclipse.tractusx.edc.tests.transfer.TransferWithTokenRefreshTest","transferData_withAutomaticRefresh"
"","4114","transferData_success_withProxyOriginalResponse()","","Mon Feb 09 05:02:29 UTC 2026","passed","Mon Feb 09 05:02:33 UTC 2026","","org.eclipse.tractusx.edc.tests.transfer.TransferPullEndToEndTest.Dsp2025to2025","org.eclipse.tractusx.edc.tests.transfer.TransferPullEndToEndTest$Dsp2025to2025","transferData_success_withProxyOriginalResponse"
"","1118","Expect the Catalog request to fail if a credential is revoked","","Mon Feb 09 05:00:30 UTC 2026","passed","Mon Feb 09 05:00:31 UTC 2026","","org.eclipse.tractusx.edc.tests.transfer.DimConsumerPullTest","org.eclipse.tractusx.edc.tests.transfer.DimConsumerPullTest","catalogRequest_whenCredentialRevoked"
"","2346","Refresh token success","","Mon Feb 09 04:58:56 UTC 2026","passed","Mon Feb 09 04:58:58 UTC 2026","","org.eclipse.tractusx.edc.dataplane.tokenrefresh.e2e.DataPlaneTokenRefreshEndToEndTest","org.eclipse.tractusx.edc.dataplane.tokenrefresh.e2e.DataPlaneTokenRefreshEndToEndTest","refresh_success"
"","7085","transferData_withExpiredEdr_shouldReturn4xx()","","Mon Feb 09 05:04:30 UTC 2026","passed","Mon Feb 09 05:04:37 UTC 2026","","org.eclipse.tractusx.edc.tests.transfer.TransferWithTokenRefreshTest","org.eclipse.tractusx.edc.tests.transfer.TransferWithTokenRefreshTest","transferData_withExpiredEdr_shouldReturn4xx"
"","2","verifyCorrectParticipantAgentId_forDsp2025(DataspaceProfileContextRegistry)","","Mon Feb 09 05:01:09 UTC 2026","passed","Mon Feb 09 05:01:09 UTC 2026","","org.eclipse.tractusx.edc.tests.transfer.IdentityExtractionTest","org.eclipse.tractusx.edc.tests.transfer.IdentityExtractionTest","verifyCorrectParticipantAgentId_forDsp2025"
"","54","Policy is not accepted because definition is not correct ""Usage policy prohibition with not allowed constraints""","","Mon Feb 09 04:58:54 UTC 2026","passed","Mon Feb 09 04:58:54 UTC 2026","","org.eclipse.tractusx.edc.tests.policy.PolicyDefinitionEndToEndTest","org.eclipse.tractusx.edc.tests.policy.PolicyDefinitionEndToEndTest","shouldNotAcceptInvalidPolicyDefinitions"
"","6113","httpPushDataTransfer_withLegacyUsagePolicy()","","Mon Feb 09 05:03:02 UTC 2026","passed","Mon Feb 09 05:03:08 UTC 2026","","org.eclipse.tractusx.edc.tests.transfer.TransferPushEndToEndTest.Dsp08to08","org.eclipse.tractusx.edc.tests.transfer.TransferPushEndToEndTest$Dsp08to08","httpPushDataTransfer_withLegacyUsagePolicy"
"","293","Provider gets 400 when empty asset selector is used","","Mon Feb 09 04:59:43 UTC 2026","passed","Mon Feb 09 04:59:43 UTC 2026","","org.eclipse.tractusx.edc.tests.validators.EmptyAssetSelectorValidatorTest","org.eclipse.tractusx.edc.tests.validators.EmptyAssetSelectorValidatorTest","shouldFail_whenContractDefinitionHasEmptyAssetSelector"
"","65","triggerDataTransfer_shouldFail_whenDataFlowIsFinite()","","Mon Feb 09 04:59:53 UTC 2026","passed","Mon Feb 09 04:59:54 UTC 2026","","org.eclipse.tractusx.edc.tests.transfer.DataFlowApiEndToEndTest","org.eclipse.tractusx.edc.tests.transfer.DataFlowApiEndToEndTest","triggerDataTransfer_shouldFail_whenDataFlowIsFinite"
"","36","Verifier should resolve the DID from the prover's ID token","","Mon Feb 09 04:58:35 UTC 2026","passed","Mon Feb 09 04:58:35 UTC 2026","","org.eclipse.dataspacetck.dcp.verification.presentation.verifier.PresentationFlowSection5Test","org.eclipse.dataspacetck.dcp.verification.presentation.verifier.PresentationFlowSection5Test","presentationResponse_endpointDiscovery"
"","4253","Contract policy is fulfilled ""MembershipCredential""","","Mon Feb 09 05:01:34 UTC 2026","passed","Mon Feb 09 05:01:39 UTC 2026","","org.eclipse.tractusx.edc.tests.transfer.StsConsumerPullTest","org.eclipse.tractusx.edc.tests.transfer.StsConsumerPullTest","transferData_whenContractPolicyFulfilled"
"","4013","transferData_success_withProxyOriginalResponse_withoutSourceResponseBody()","","Mon Feb 09 05:00:48 UTC 2026","passed","Mon Feb 09 05:00:52 UTC 2026","","org.eclipse.tractusx.edc.tests.transfer.TransferPullEndToEndTest.Dsp08to08","org.eclipse.tractusx.edc.tests.transfer.TransferPullEndToEndTest$Dsp08to08","transferData_success_withProxyOriginalResponse_withoutSourceResponseBody"
"","4106","transferData_successful_notReturnOriginalSourceResponseCode_withTerminate()","","Mon Feb 09 05:01:31 UTC 2026","passed","Mon Feb 09 05:01:35 UTC 2026","","org.eclipse.tractusx.edc.tests.transfer.TransferPullEndToEndTest.Dsp08to08","org.eclipse.tractusx.edc.tests.transfer.TransferPullEndToEndTest$Dsp08to08","transferData_successful_notReturnOriginalSourceResponseCode_withTerminate"
"","5038","httpPushDataTransfer()","","Mon Feb 09 05:03:49 UTC 2026","passed","Mon Feb 09 05:03:54 UTC 2026","","org.eclipse.tractusx.edc.tests.transfer.TransferPushEndToEndTest.Dsp2025to2025","org.eclipse.tractusx.edc.tests.transfer.TransferPushEndToEndTest$Dsp2025to2025","httpPushDataTransfer"
"","42","Policy is not accepted due to missing context ""Data Frequency""","","Mon Feb 09 04:58:55 UTC 2026","passed","Mon Feb 09 04:58:55 UTC 2026","","org.eclipse.tractusx.edc.tests.policy.PolicyDefinitionEndToEndTest","org.eclipse.tractusx.edc.tests.policy.PolicyDefinitionEndToEndTest","shouldNotAcceptInvalidNamespacePolicyDefinitions"
